<?xml version="1.0" encoding="UTF-8"?>
<classpath>
	<classpathentry kind="con" path="org.eclipse.jdt.launching.JRE_CONTAINER/org.eclipse.jdt.internal.debug.ui.launcher.StandardVMType/JavaSE-1.8"/>
	<classpathentry kind="src" path="src"/>
	<classpathentry kind="lib" path="/home/ubuntu1804javaspringboot/practice/spring/ws1809/lib/aspectjweaver-1.7.0.jar"/>
	<classpathentry kind="lib" path="/home/ubuntu1804javaspringboot/practice/spring/ws1809/lib/commons-logging-1.2.jar"/>
	<classpathentry kind="lib" path="/home/ubuntu1804javaspringboot/practice/spring/ws1809/lib/commons-logging-1.2-javadoc.jar"/>
	<classpathentry kind="lib" path="/home/ubuntu1804javaspringboot/practice/spring/ws1809/lib/commons-pool2-2.5.0.jar"/>
	<classpathentry kind="lib" path="/home/ubuntu1804javaspringboot/practice/spring/ws1809/lib/jackson-annotations-2.9.7.jar"/>
	<classpathentry kind="lib" path="/home/ubuntu1804javaspringboot/practice/spring/ws1809/lib/jackson-core-2.9.7.jar"/>
	<classpathentry kind="lib" path="/home/ubuntu1804javaspringboot/practice/spring/ws1809/lib/jackson-databind-2.9.7.jar"/>
	<classpathentry kind="lib" path="/home/ubuntu1804javaspringboot/practice/spring/ws1809/lib/mysql-connector-java-8.0.12.jar"/>
	<classpathentry kind="lib" path="/home/ubuntu1804javaspringboot/practice/spring/ws1809/lib/spring-aop-5.0.0.RELEASE.jar"/>
	<classpathentry kind="lib" path="/home/ubuntu1804javaspringboot/practice/spring/ws1809/lib/spring-aop-5.0.0.RELEASE-javadoc.jar"/>
	<classpathentry kind="lib" path="/home/ubuntu1804javaspringboot/practice/spring/ws1809/lib/spring-aop-5.0.0.RELEASE-sources.jar"/>
	<classpathentry kind="lib" path="/home/ubuntu1804javaspringboot/practice/spring/ws1809/lib/spring-aspects-5.0.0.RELEASE.jar"/>
	<classpathentry kind="lib" path="/home/ubuntu1804javaspringboot/practice/spring/ws1809/lib/spring-aspects-5.0.0.RELEASE-javadoc.jar"/>
	<classpathentry kind="lib" path="/home/ubuntu1804javaspringboot/practice/spring/ws1809/lib/spring-aspects-5.0.0.RELEASE-sources.jar"/>
	<classpathentry kind="lib" path="/home/ubuntu1804javaspringboot/practice/spring/ws1809/lib/spring-beans-5.0.0.RELEASE.jar"/>
	<classpathentry kind="lib" path="/home/ubuntu1804javaspringboot/practice/spring/ws1809/lib/spring-beans-5.0.0.RELEASE-javadoc.jar"/>
	<classpathentry kind="lib" path="/home/ubuntu1804javaspringboot/practice/spring/ws1809/lib/spring-beans-5.0.0.RELEASE-sources.jar"/>
	<classpathentry kind="lib" path="/home/ubuntu1804javaspringboot/practice/spring/ws1809/lib/spring-context-5.0.0.RELEASE.jar"/>
	<classpathentry kind="lib" path="/home/ubuntu1804javaspringboot/practice/spring/ws1809/lib/spring-context-5.0.0.RELEASE-javadoc.jar"/>
	<classpathentry kind="lib" path="/home/ubuntu1804javaspringboot/practice/spring/ws1809/lib/spring-context-5.0.0.RELEASE-sources.jar"/>
	<classpathentry kind="lib" path="/home/ubuntu1804javaspringboot/practice/spring/ws1809/lib/spring-context-indexer-5.0.0.RELEASE.jar"/>
	<classpathentry kind="lib" path="/home/ubuntu1804javaspringboot/practice/spring/ws1809/lib/spring-context-indexer-5.0.0.RELEASE-javadoc.jar"/>
	<classpathentry kind="lib" path="/home/ubuntu1804javaspringboot/practice/spring/ws1809/lib/spring-context-indexer-5.0.0.RELEASE-sources.jar"/>
	<classpathentry kind="lib" path="/home/ubuntu1804javaspringboot/practice/spring/ws1809/lib/spring-context-support-5.0.0.RELEASE.jar"/>
	<classpathentry kind="lib" path="/home/ubuntu1804javaspringboot/practice/spring/ws1809/lib/spring-context-support-5.0.0.RELEASE-javadoc.jar"/>
	<classpathentry kind="lib" path="/home/ubuntu1804javaspringboot/practice/spring/ws1809/lib/spring-context-support-5.0.0.RELEASE-sources.jar"/>
	<classpathentry kind="lib" path="/home/ubuntu1804javaspringboot/practice/spring/ws1809/lib/spring-core-5.0.0.RELEASE.jar"/>
	<classpathentry kind="lib" path="/home/ubuntu1804javaspringboot/practice/spring/ws1809/lib/spring-core-5.0.0.RELEASE-javadoc.jar"/>
	<classpathentry kind="lib" path="/home/ubuntu1804javaspringboot/practice/spring/ws1809/lib/spring-core-5.0.0.RELEASE-sources.jar"/>
	<classpathentry kind="lib" path="/home/ubuntu1804javaspringboot/practice/spring/ws1809/lib/spring-expression-5.0.0.RELEASE.jar"/>
	<classpathentry kind="lib" path="/home/ubuntu1804javaspringboot/practice/spring/ws1809/lib/spring-expression-5.0.0.RELEASE-javadoc.jar"/>
	<classpathentry kind="lib" path="/home/ubuntu1804javaspringboot/practice/spring/ws1809/lib/spring-expression-5.0.0.RELEASE-sources.jar"/>
	<classpathentry kind="lib" path="/home/ubuntu1804javaspringboot/practice/spring/ws1809/lib/spring-instrument-5.0.0.RELEASE.jar"/>
	<classpathentry kind="lib" path="/home/ubuntu1804javaspringboot/practice/spring/ws1809/lib/spring-instrument-5.0.0.RELEASE-javadoc.jar"/>
	<classpathentry kind="lib" path="/home/ubuntu1804javaspringboot/practice/spring/ws1809/lib/spring-instrument-5.0.0.RELEASE-sources.jar"/>
	<classpathentry kind="lib" path="/home/ubuntu1804javaspringboot/practice/spring/ws1809/lib/spring-jcl-5.0.0.RELEASE.jar"/>
	<classpathentry kind="lib" path="/home/ubuntu1804javaspringboot/practice/spring/ws1809/lib/spring-jcl-5.0.0.RELEASE-javadoc.jar"/>
	<classpathentry kind="lib" path="/home/ubuntu1804javaspringboot/practice/spring/ws1809/lib/spring-jcl-5.0.0.RELEASE-sources.jar"/>
	<classpathentry kind="lib" path="/home/ubuntu1804javaspringboot/practice/spring/ws1809/lib/spring-jdbc-5.0.0.RELEASE.jar"/>
	<classpathentry kind="lib" path="/home/ubuntu1804javaspringboot/practice/spring/ws1809/lib/spring-jdbc-5.0.0.RELEASE-javadoc.jar"/>
	<classpathentry kind="lib" path="/home/ubuntu1804javaspringboot/practice/spring/ws1809/lib/spring-jdbc-5.0.0.RELEASE-sources.jar"/>
	<classpathentry kind="lib" path="/home/ubuntu1804javaspringboot/practice/spring/ws1809/lib/spring-jms-5.0.0.RELEASE.jar"/>
	<classpathentry kind="lib" path="/home/ubuntu1804javaspringboot/practice/spring/ws1809/lib/spring-jms-5.0.0.RELEASE-javadoc.jar"/>
	<classpathentry kind="lib" path="/home/ubuntu1804javaspringboot/practice/spring/ws1809/lib/spring-jms-5.0.0.RELEASE-sources.jar"/>
	<classpathentry kind="lib" path="/home/ubuntu1804javaspringboot/practice/spring/ws1809/lib/spring-messaging-5.0.0.RELEASE.jar"/>
	<classpathentry kind="lib" path="/home/ubuntu1804javaspringboot/practice/spring/ws1809/lib/spring-messaging-5.0.0.RELEASE-javadoc.jar"/>
	<classpathentry kind="lib" path="/home/ubuntu1804javaspringboot/practice/spring/ws1809/lib/spring-messaging-5.0.0.RELEASE-sources.jar"/>
	<classpathentry kind="lib" path="/home/ubuntu1804javaspringboot/practice/spring/ws1809/lib/spring-orm-5.0.0.RELEASE.jar"/>
	<classpathentry kind="lib" path="/home/ubuntu1804javaspringboot/practice/spring/ws1809/lib/spring-orm-5.0.0.RELEASE-javadoc.jar"/>
	<classpathentry kind="lib" path="/home/ubuntu1804javaspringboot/practice/spring/ws1809/lib/spring-orm-5.0.0.RELEASE-sources.jar"/>
	<classpathentry kind="lib" path="/home/ubuntu1804javaspringboot/practice/spring/ws1809/lib/spring-oxm-5.0.0.RELEASE.jar"/>
	<classpathentry kind="lib" path="/home/ubuntu1804javaspringboot/practice/spring/ws1809/lib/spring-oxm-5.0.0.RELEASE-javadoc.jar"/>
	<classpathentry kind="lib" path="/home/ubuntu1804javaspringboot/practice/spring/ws1809/lib/spring-oxm-5.0.0.RELEASE-sources.jar"/>
	<classpathentry kind="lib" path="/home/ubuntu1804javaspringboot/practice/spring/ws1809/lib/spring-test-5.0.0.RELEASE.jar"/>
	<classpathentry kind="lib" path="/home/ubuntu1804javaspringboot/practice/spring/ws1809/lib/spring-test-5.0.0.RELEASE-javadoc.jar"/>
	<classpathentry kind="lib" path="/home/ubuntu1804javaspringboot/practice/spring/ws1809/lib/spring-test-5.0.0.RELEASE-sources.jar"/>
	<classpathentry kind="lib" path="/home/ubuntu1804javaspringboot/practice/spring/ws1809/lib/spring-tx-5.0.0.RELEASE.jar"/>
	<classpathentry kind="lib" path="/home/ubuntu1804javaspringboot/practice/spring/ws1809/lib/spring-tx-5.0.0.RELEASE-javadoc.jar"/>
	<classpathentry kind="lib" path="/home/ubuntu1804javaspringboot/practice/spring/ws1809/lib/spring-tx-5.0.0.RELEASE-sources.jar"/>
	<classpathentry kind="lib" path="/home/ubuntu1804javaspringboot/practice/spring/ws1809/lib/spring-web-5.0.0.RELEASE.jar"/>
	<classpathentry kind="lib" path="/home/ubuntu1804javaspringboot/practice/spring/ws1809/lib/spring-web-5.0.0.RELEASE-javadoc.jar"/>
	<classpathentry kind="lib" path="/home/ubuntu1804javaspringboot/practice/spring/ws1809/lib/spring-web-5.0.0.RELEASE-sources.jar"/>
	<classpathentry kind="lib" path="/home/ubuntu1804javaspringboot/practice/spring/ws1809/lib/spring-webflux-5.0.0.RELEASE.jar"/>
	<classpathentry kind="lib" path="/home/ubuntu1804javaspringboot/practice/spring/ws1809/lib/spring-webflux-5.0.0.RELEASE-javadoc.jar"/>
	<classpathentry kind="lib" path="/home/ubuntu1804javaspringboot/practice/spring/ws1809/lib/spring-webflux-5.0.0.RELEASE-sources.jar"/>
	<classpathentry kind="lib" path="/home/ubuntu1804javaspringboot/practice/spring/ws1809/lib/spring-webmvc-5.0.0.RELEASE.jar"/>
	<classpathentry kind="lib" path="/home/ubuntu1804javaspringboot/practice/spring/ws1809/lib/spring-webmvc-5.0.0.RELEASE-javadoc.jar"/>
	<classpathentry kind="lib" path="/home/ubuntu1804javaspringboot/practice/spring/ws1809/lib/spring-webmvc-5.0.0.RELEASE-sources.jar"/>
	<classpathentry kind="lib" path="/home/ubuntu1804javaspringboot/practice/spring/ws1809/lib/spring-websocket-5.0.0.RELEASE.jar"/>
	<classpathentry kind="lib" path="/home/ubuntu1804javaspringboot/practice/spring/ws1809/lib/spring-websocket-5.0.0.RELEASE-javadoc.jar"/>
	<classpathentry kind="lib" path="/home/ubuntu1804javaspringboot/practice/spring/ws1809/lib/spring-websocket-5.0.0.RELEASE-sources.jar"/>
	<classpathentry kind="lib" path="/home/ubuntu1804javaspringboot/practice/spring/ws1809/lib/sqljdbc4-2.0.jar"/>
	<classpathentry kind="output" path="bin"/>
</classpath>
